CRPS_log,CRPS_mm,Brier_flash,Brier_peak,Brier_acc,MAE_lead1,RMSE_lead1,n_valid_lead1,MAE_lead2,RMSE_lead2,n_valid_lead2,MAE_lead3,RMSE_lead3,n_valid_lead3,MAE_lead4,RMSE_lead4,n_valid_lead4,MAE_lead5,RMSE_lead5,n_valid_lead5,MAE_lead6,RMSE_lead6,n_valid_lead6,MAE_lead7,RMSE_lead7,n_valid_lead7,MAE_lead8,RMSE_lead8,n_valid_lead8
0.21363421741773952,1.1259645156636153,0.054586988319623886,0.17756624210768637,0.06078460035560607,0.9337508678436279,4.6293625831604,307503,1.100216269493103,5.140411853790283,307500,1.1512876749038696,5.284613132476807,307497,1.170139193534851,5.344685077667236,307494,1.1739320755004883,5.35644006729126,307491,1.1679861545562744,5.342561721801758,307488,1.1550534963607788,5.308074951171875,307485,1.1472668647766113,5.285272598266602,307482
