{
  "CRPS_log": 0.21363421741773952,
  "CRPS_mm": 1.1259645156636153,
  "Brier_flash": 0.054586988319623886,
  "Brier_peak": 0.17756624210768637,
  "Brier_acc": 0.06078460035560607,
  "MAE_mm_by_lead": [
    0.9337508678436279,
    1.100216269493103,
    1.1512876749038696,
    1.170139193534851,
    1.1739320755004883,
    1.1679861545562744,
    1.1550534963607788,
    1.1472668647766113
  ],
  "RMSE_mm_by_lead": [
    4.6293625831604,
    5.140411853790283,
    5.284613132476807,
    5.344685077667236,
    5.35644006729126,
    5.342561721801758,
    5.308074951171875,
    5.285272598266602
  ],
  "n_valid_by_lead": [
    307503,
    307500,
    307497,
    307494,
    307491,
    307488,
    307485,
    307482
  ],
  "Flash_metrics": {
    "n_valid": 307503,
    "pr_auc": 0.1633321878932026,
    "roc_auc": 0.6686273697235277,
    "by_thr": {
      "0.1": {
        "POD": 0.36543486375513246,
        "FAR": 0.6286884624137146,
        "CSI": 0.2257528939722363
      },
      "0.2": {
        "POD": 0.36543486375513246,
        "FAR": 0.6286884624137146,
        "CSI": 0.2257528939722363
      },
      "0.3": {
        "POD": 0.36543486375513246,
        "FAR": 0.6286884624137146,
        "CSI": 0.2257528939722363
      },
      "0.5": {
        "POD": 0.36543486375513246,
        "FAR": 0.6286884624137146,
        "CSI": 0.2257528939722363
      }
    }
  },
  "Peak24_metrics": {
    "n_valid": 307535,
    "pr_auc": 0.2632522000841544,
    "roc_auc": 0.5658055119621229,
    "by_thr": {
      "0.1": {
        "POD": 0.14918856717377693,
        "FAR": 0.3312599560039444,
        "CSI": 0.13892215568862276
      },
      "0.2": {
        "POD": 0.14918856717377693,
        "FAR": 0.3312599560039444,
        "CSI": 0.13892215568862276
      },
      "0.3": {
        "POD": 0.14918856717377693,
        "FAR": 0.3312599560039444,
        "CSI": 0.13892215568862276
      },
      "0.5": {
        "POD": 0.14918856717377693,
        "FAR": 0.3312599560039444,
        "CSI": 0.13892215568862276
      }
    }
  },
  "Acc24_metrics": {
    "n_valid": 307195,
    "pr_auc": 0.0775317862488217,
    "roc_auc": 0.5801259088725134,
    "by_thr": {
      "0.1": {
        "POD": 0.18793396080851718,
        "FAR": 0.7697760136092996,
        "CSI": 0.11541194864263041
      },
      "0.2": {
        "POD": 0.18793396080851718,
        "FAR": 0.7697760136092996,
        "CSI": 0.11541194864263041
      },
      "0.3": {
        "POD": 0.18793396080851718,
        "FAR": 0.7697760136092996,
        "CSI": 0.11541194864263041
      },
      "0.5": {
        "POD": 0.18793396080851718,
        "FAR": 0.7697760136092996,
        "CSI": 0.11541194864263041
      }
    }
  }
}