{
  "trial": 10,
  "best_val_CRPS_log": 0.1742881357431321,
  "ckpt_path": "C:\\Users\\deepn\\Documents\\Rainfall_Training_Research_Lab\\Baselines\\DeepAR\\Tuning_v1\\trial_10\\best_model.pt",
  "val_Brier_flash": 0.0485353597434134,
  "val_Brier_peak": 0.169507971863653,
  "val_Brier_acc": 0.0512420809795339,
  "T_in": 24,
  "H_out": 8,
  "d_model": 96,
  "num_layers": 2,
  "dropout": 0.1,
  "lr": 0.001,
  "weight_decay": 0.0001,
  "batch_size": 16,
  "epochs": 10,
  "quantiles": "(0.05, 0.1, 0.25, 0.5, 0.75, 0.9, 0.95)",
  "lambda_q": 1.0,
  "lambda_flash": 2.0,
  "lambda_peak": 2.0,
  "lambda_acc": 2.0,
  "mean_brier": 0.08976180419553344,
  "composite_obj": 0.034229847969089254
}